model_family,features,accuracy,f1_binary,f1_weighted,precision,recall,pr_auc,elapsed_seconds,n_train,n_test
RandomForest,"lag_sent_1, lag_sent_2",0.4444444444444444,0.4444444444444444,0.4444444444444444,0.75,0.3157894736842105,0.7787937337106312,0.04253649711608887,61,27
